"Armor","Weapon","Physical","Magic","Level","FBoss","Class"
45,83,45,89,77,TRUE,"Magician"
48,88,82,65,71,TRUE,"Warrior"
65,22,71,4,37,FALSE,"Tank"
68,3,7,91,39,FALSE,"Sorcerer"
68,9,49,21,27,FALSE,"Tank"
10,11,10,48,19,FALSE,"Magician"
84,6,29,63,53,FALSE,"Sorcerer"
22,39,78,98,80,TRUE,"Battlemage"
37,39,57,25,46,FALSE,"Warrior"
88,66,10,83,57,TRUE,"Sorcerer"
71,60,86,41,75,TRUE,"Tank"
89,37,67,10,55,FALSE,"Tank"
89,6,10,73,48,FALSE,"Sorcerer"
13,6,37,72,33,FALSE,"Battlemage"
59,39,29,93,69,TRUE,"Sorcerer"
66,36,65,42,59,FALSE,"Tank"
40,89,75,20,31,TRUE,"Warrior"
88,50,14,87,71,TRUE,"Sorcerer"
47,80,3,68,39,FALSE,"Magician"
89,85,38,79,86,TRUE,"Knight"
82,10,72,67,58,TRUE,"Tank"
38,5,88,88,74,TRUE,"Battlemage"
26,50,95,25,53,FALSE,"Warrior"
78,25,82,85,64,TRUE,"Battlemage"
73,95,4,36,55,FALSE,"Knight"
10,3,99,47,56,FALSE,"Warrior"
21,84,81,33,64,TRUE,"Warrior"
81,4,83,35,48,FALSE,"Tank"
70,78,51,43,73,TRUE,"Knight"
80,12,62,93,68,TRUE,"Sorcerer"
48,14,83,38,48,FALSE,"Tank"
65,82,29,83,87,TRUE,"Magician"
83,27,36,56,67,FALSE,"Tank"
100,71,54,36,73,TRUE,"Sorcerer"
89,48,27,100,69,TRUE,"Sorcerer"
50,99,43,66,89,TRUE,"Magician"
30,22,47,94,69,TRUE,"Battlemage"
20,21,70,21,43,FALSE,"Warrior"
20,43,29,100,47,TRUE,"Magician"
15,58,44,47,50,FALSE,"Magician"
40,18,84,99,62,TRUE,"Battlemage"
33,90,63,92,82,TRUE,"Magician"
66,86,75,63,83,TRUE,"Knight"
10,56,75,63,62,TRUE,"Battlemage"
58,69,10,79,57,TRUE,"Magician"
33,99,92,31,85,TRUE,"Warrior"
32,12,100,92,51,TRUE,"Battlemage"
75,99,76,52,90,TRUE,"Magician"
24,98,97,5,44,TRUE,"Warrior"
36,20,39,69,51,FALSE,"Battlemage"
76,12,32,7,18,FALSE,"Tank"
56,98,23,42,70,FALSE,"Knight"
29,26,92,4,40,FALSE,"Tank"
35,98,58,40,69,TRUE,"Knight"
1,96,22,28,36,FALSE,"Magician"
1,46,98,14,39,FALSE,"Warrior"
37,7,62,45,43,FALSE,"Battlemage"
54,90,42,1,55,FALSE,"Knight"
6,89,100,75,100,TRUE,"Warrior"
39,39,42,94,65,TRUE,"Battlemage"
18,52,24,79,63,FALSE,"Magician"
80,17,53,1,18,FALSE,"Tank"
5,24,24,1,2,FALSE,"Warrior"
43,91,73,97,86,TRUE,"Magician"
59,4,42,12,14,FALSE,"Sorcerer"
32,91,61,30,76,FALSE,"Magician"
2,47,48,6,26,FALSE,"Warrior"
66,30,16,70,63,FALSE,"Magician"
42,3,37,58,53,FALSE,"Sorcerer"
58,6,66,31,40,FALSE,"Tank"
36,72,95,19,66,TRUE,"Warrior"
12,16,43,17,24,FALSE,"Battlemage"
47,79,1,82,67,FALSE,"Magician"
83,36,84,76,79,TRUE,"Tank"
92,53,7,10,36,FALSE,"Knight"
1,8,94,10,36,FALSE,"Battlemage"
15,52,68,91,86,TRUE,"Battlemage"
100,52,32,77,76,TRUE,"Sorcerer"
54,30,30,65,52,FALSE,"Sorcerer"
13,56,17,29,36,FALSE,"Magician"
43,12,68,78,46,FALSE,"Battlemage"
85,68,27,88,64,TRUE,"Sorcerer"
76,78,7,59,63,FALSE,"Knight"
69,56,12,49,36,FALSE,"Knight"
7,89,82,28,53,TRUE,"Warrior"
69,69,56,26,70,FALSE,"Knight"
48,87,44,85,96,TRUE,"Magician"
4,58,68,77,47,TRUE,"Battlemage"
77,94,21,25,73,FALSE,"Magician"
53,12,92,6,37,FALSE,"Tank"
79,79,93,35,75,TRUE,"Warrior"
16,83,15,77,59,FALSE,"Magician"
21,90,15,60,68,FALSE,"Magician"
100,4,81,44,39,FALSE,"Tank"
59,38,100,80,81,TRUE,"Tank"
24,8,64,60,35,FALSE,"Battlemage"
80,30,44,22,48,FALSE,"Sorcerer"
14,79,28,13,55,FALSE,"Warrior"
86,12,88,99,76,TRUE,"Sorcerer"
49,74,21,6,43,FALSE,"Knight"
50,12,24,21,30,FALSE,"Tank"
70,17,35,32,29,FALSE,"Tank"
42,61,33,99,85,TRUE,"Magician"
36,64,66,24,69,FALSE,"Warrior"
65,60,23,20,50,FALSE,"Knight"
96,2,22,86,53,FALSE,"Tank"
70,19,58,48,45,FALSE,"Tank"
95,54,69,7,48,FALSE,"Tank"
1,29,46,69,63,FALSE,"Battlemage"
51,65,40,74,80,TRUE,"Magician"
37,86,25,25,48,FALSE,"Knight"
35,89,87,48,58,TRUE,"Warrior"
49,74,18,33,20,FALSE,"Magician"
94,9,53,75,48,TRUE,"Tank"
4,83,91,91,82,TRUE,"Battlemage"
99,12,9,92,69,FALSE,"Sorcerer"
43,93,6,17,38,FALSE,"Knight"
78,52,98,99,96,TRUE,"Sorcerer"
22,82,87,23,74,TRUE,"Warrior"
74,56,83,29,64,TRUE,"Tank"
1,16,11,29,16,FALSE,"Magician"
11,4,63,79,34,FALSE,"Sorcerer"
44,89,30,90,63,TRUE,"Magician"
59,86,12,6,47,FALSE,"Knight"
24,29,31,67,43,FALSE,"Sorcerer"
60,59,72,36,62,TRUE,"Warrior"
3,86,59,76,70,TRUE,"Magician"
99,79,95,52,92,TRUE,"Tank"
63,66,43,78,62,TRUE,"Magician"
36,77,86,100,85,TRUE,"Battlemage"
95,12,72,57,78,TRUE,"Tank"
68,26,26,96,52,TRUE,"Sorcerer"
83,12,55,95,63,TRUE,"Sorcerer"
47,91,84,6,55,FALSE,"Warrior"
100,35,26,30,50,FALSE,"Knight"
21,2,46,92,59,FALSE,"Battlemage"
82,17,4,54,34,FALSE,"Sorcerer"
51,2,85,66,51,FALSE,"Tank"
28,17,84,62,51,FALSE,"Battlemage"
15,34,38,27,38,FALSE,"Warrior"
42,34,34,29,29,FALSE,"Tank"
59,45,61,40,51,FALSE,"Tank"
66,41,90,98,59,TRUE,"Tank"
37,73,8,48,34,FALSE,"Magician"
11,78,61,33,53,FALSE,"Warrior"
87,84,38,5,62,FALSE,"Knight"
44,33,85,55,63,TRUE,"Battlemage"
12,24,99,1,25,FALSE,"Warrior"
3,69,17,12,17,FALSE,"Warrior"
52,32,46,52,51,FALSE,"Sorcerer"
81,23,40,100,50,TRUE,"Battlemage"
33,65,34,69,70,FALSE,"Magician"
55,32,98,27,56,FALSE,"Warrior"
1,80,66,16,33,FALSE,"Warrior"
39,84,74,93,76,TRUE,"Warrior"
20,16,88,17,30,FALSE,"Tank"
47,52,69,71,60,TRUE,"Battlemage"
43,13,25,96,36,FALSE,"Sorcerer"
57,46,7,3,18,FALSE,"Knight"
61,11,98,18,39,FALSE,"Tank"
78,81,61,66,71,TRUE,"Knight"
31,71,89,33,74,TRUE,"Warrior"
25,22,62,98,63,TRUE,"Battlemage"
3,95,60,39,50,FALSE,"Warrior"
4,68,75,69,63,TRUE,"Battlemage"
95,81,30,95,74,TRUE,"Magician"
99,65,29,5,44,FALSE,"Knight"
14,2,25,80,46,FALSE,"Sorcerer"
41,51,4,22,34,FALSE,"Knight"
73,97,83,11,92,TRUE,"Warrior"
20,83,22,17,45,FALSE,"Warrior"
96,83,7,3,36,FALSE,"Knight"
73,58,85,47,78,TRUE,"Tank"
27,23,22,62,50,FALSE,"Sorcerer"
67,16,28,47,51,FALSE,"Sorcerer"
53,16,27,33,22,FALSE,"Sorcerer"
68,29,90,24,52,FALSE,"Tank"
62,72,65,62,84,TRUE,"Knight"
15,28,4,2,1,FALSE,"Warrior"
97,89,54,37,67,TRUE,"Knight"
5,58,38,90,46,TRUE,"Magician"
68,59,8,9,26,FALSE,"Knight"
12,89,81,48,59,TRUE,"Warrior"
87,77,76,92,100,TRUE,"Magician"
78,14,12,1,18,FALSE,"Knight"
76,19,3,36,23,FALSE,"Sorcerer"
57,79,55,27,48,FALSE,"Knight"
17,79,6,63,53,FALSE,"Magician"
25,21,18,53,34,FALSE,"Sorcerer"
30,72,79,23,70,FALSE,"Warrior"
22,56,6,32,39,FALSE,"Knight"
26,45,79,2,26,FALSE,"Warrior"
81,92,82,94,91,TRUE,"Battlemage"
61,45,31,4,45,FALSE,"Knight"
62,16,99,4,37,FALSE,"Tank"
84,88,4,99,95,TRUE,"Magician"
34,76,1,37,32,FALSE,"Magician"
33,78,94,43,76,TRUE,"Warrior"
71,30,45,21,32,FALSE,"Knight"
86,96,45,6,54,FALSE,"Warrior"
32,83,62,89,90,TRUE,"Magician"
14,5,1,84,32,FALSE,"Sorcerer"
72,29,18,55,53,FALSE,"Sorcerer"
57,66,30,4,45,FALSE,"Tank"
25,50,92,84,82,TRUE,"Battlemage"
80,50,35,24,38,FALSE,"Sorcerer"
42,88,60,49,66,TRUE,"Warrior"
19,58,22,95,65,TRUE,"Sorcerer"
41,81,64,31,52,FALSE,"Magician"
55,42,95,90,96,TRUE,"Tank"
80,91,18,8,42,FALSE,"Knight"
12,67,39,43,46,FALSE,"Warrior"
39,48,80,13,38,FALSE,"Warrior"
94,18,2,5,2,FALSE,"Knight"
2,21,16,28,39,FALSE,"Magician"
96,39,87,77,77,TRUE,"Tank"
45,65,18,75,55,FALSE,"Magician"
89,7,54,44,45,FALSE,"Tank"
25,23,23,54,50,FALSE,"Sorcerer"
68,80,78,11,52,TRUE,"Warrior"
83,75,48,44,73,TRUE,"Knight"
4,35,67,7,28,FALSE,"Warrior"
77,41,12,72,48,FALSE,"Sorcerer"
36,39,10,1,27,FALSE,"Knight"
87,22,41,52,60,FALSE,"Sorcerer"
62,35,55,35,43,FALSE,"Tank"
70,33,52,97,62,TRUE,"Magician"
88,43,48,24,38,FALSE,"Tank"
44,45,5,65,57,FALSE,"Sorcerer"
33,100,11,72,60,TRUE,"Magician"
12,42,7,31,9,FALSE,"Magician"
85,28,45,19,56,FALSE,"Tank"
11,49,73,33,35,FALSE,"Battlemage"
55,11,9,3,24,FALSE,"Tank"
38,69,73,39,63,TRUE,"Tank"
29,18,19,13,23,FALSE,"Tank"
3,4,3,65,19,FALSE,"Magician"
28,95,70,73,83,TRUE,"Warrior"
84,88,94,4,52,TRUE,"Warrior"
90,30,30,14,43,FALSE,"Tank"
24,31,28,91,68,FALSE,"Battlemage"
54,76,18,4,48,FALSE,"Knight"
52,67,59,71,50,TRUE,"Magician"
47,94,12,7,33,FALSE,"Knight"
21,61,50,21,42,FALSE,"Warrior"
54,8,73,59,56,FALSE,"Battlemage"
30,52,89,3,45,FALSE,"Battlemage"
68,74,4,86,61,TRUE,"Magician"
36,88,12,48,60,FALSE,"Magician"
40,65,58,53,73,TRUE,"Warrior"
10,18,51,59,39,FALSE,"Battlemage"
74,41,16,83,66,FALSE,"Sorcerer"
42,22,58,81,32,TRUE,"Battlemage"
24,95,4,58,46,FALSE,"Magician"
4,27,61,44,37,FALSE,"Battlemage"
47,16,40,34,30,FALSE,"Tank"
91,18,86,70,72,TRUE,"Tank"
51,11,30,94,63,FALSE,"Sorcerer"
4,18,54,80,54,FALSE,"Battlemage"
32,4,68,90,50,TRUE,"Battlemage"
10,74,57,25,34,FALSE,"Warrior"
11,30,76,61,58,FALSE,"Battlemage"
28,68,80,65,52,TRUE,"Battlemage"
46,72,46,62,71,TRUE,"Warrior"
72,81,91,78,88,TRUE,"Battlemage"
40,99,80,13,52,TRUE,"Tank"
62,5,98,71,66,TRUE,"Battlemage"
86,62,12,50,55,FALSE,"Knight"
98,91,6,4,48,FALSE,"Knight"
45,7,31,33,28,FALSE,"Sorcerer"
35,33,59,50,54,FALSE,"Battlemage"
35,82,69,100,95,TRUE,"Magician"
89,38,60,14,53,FALSE,"Tank"
34,28,33,76,60,FALSE,"Sorcerer"
6,52,38,18,33,FALSE,"Warrior"
37,79,44,69,83,TRUE,"Magician"
1,60,61,88,72,TRUE,"Battlemage"
76,87,46,48,64,TRUE,"Magician"
35,96,30,75,60,TRUE,"Magician"
70,9,28,39,38,FALSE,"Sorcerer"
54,57,28,49,39,FALSE,"Knight"
81,30,30,37,34,FALSE,"Knight"
63,29,73,94,74,TRUE,"Battlemage"
9,96,76,26,55,TRUE,"Warrior"
62,35,98,36,51,TRUE,"Tank"
2,59,79,72,65,TRUE,"Battlemage"
82,82,39,65,74,TRUE,"Knight"
36,93,12,65,59,FALSE,"Warrior"
92,17,75,9,40,FALSE,"Tank"
41,73,90,68,86,TRUE,"Warrior"
37,60,33,7,40,FALSE,"Tank"
49,8,51,8,25,FALSE,"Battlemage"
26,13,41,52,62,FALSE,"Battlemage"
68,33,71,78,70,TRUE,"Battlemage"
36,85,31,83,82,TRUE,"Magician"
31,76,23,18,36,FALSE,"Knight"
30,94,76,4,43,FALSE,"Warrior"
34,41,36,9,23,FALSE,"Warrior"
19,1,85,48,40,FALSE,"Battlemage"
18,85,69,44,59,TRUE,"Warrior"
94,93,64,62,98,TRUE,"Knight"
85,78,5,4,40,FALSE,"Knight"
3,38,50,45,46,FALSE,"Battlemage"
70,48,30,76,61,TRUE,"Knight"
13,62,64,50,52,FALSE,"Warrior"
45,51,62,51,58,FALSE,"Battlemage"
67,69,92,11,79,TRUE,"Warrior"
92,77,84,44,70,TRUE,"Tank"
86,58,91,80,93,TRUE,"Sorcerer"
40,5,27,92,37,FALSE,"Sorcerer"
40,37,74,63,56,TRUE,"Battlemage"
76,81,51,100,87,TRUE,"Magician"
23,83,96,83,88,TRUE,"Battlemage"
31,38,95,63,79,TRUE,"Battlemage"
18,95,18,36,50,FALSE,"Magician"
71,36,72,86,64,TRUE,"Sorcerer"
72,49,57,29,59,FALSE,"Knight"
19,1,36,60,30,FALSE,"Battlemage"
93,50,74,98,88,TRUE,"Sorcerer"
44,58,93,90,81,TRUE,"Battlemage"
84,10,48,75,37,FALSE,"Sorcerer"
50,51,49,2,43,FALSE,"Knight"
42,98,72,22,71,TRUE,"Warrior"
94,49,68,26,68,FALSE,"Tank"
47,13,72,11,53,FALSE,"Tank"
22,71,63,42,46,FALSE,"Warrior"
74,37,73,14,54,FALSE,"Knight"
90,100,38,52,79,TRUE,"Knight"
97,37,6,67,49,FALSE,"Sorcerer"
92,31,98,83,85,TRUE,"Tank"
74,20,56,85,68,TRUE,"Sorcerer"
29,39,93,8,33,FALSE,"Warrior"
82,45,47,41,57,FALSE,"Tank"
59,36,39,57,42,FALSE,"Sorcerer"
1,15,50,86,42,FALSE,"Battlemage"
87,30,9,38,22,FALSE,"Sorcerer"
64,52,66,47,57,TRUE,"Tank"
17,61,67,84,67,TRUE,"Battlemage"
37,82,63,91,86,TRUE,"Magician"
95,68,17,56,62,FALSE,"Knight"
25,30,62,7,17,FALSE,"Warrior"
64,28,67,1,46,FALSE,"Tank"
68,4,12,9,18,FALSE,"Tank"
52,34,32,86,63,FALSE,"Sorcerer"
9,52,11,38,44,FALSE,"Warrior"
57,28,21,68,62,FALSE,"Sorcerer"
92,57,15,47,73,FALSE,"Knight"
94,22,53,42,51,FALSE,"Tank"
88,40,72,93,82,TRUE,"Sorcerer"
33,75,30,64,49,FALSE,"Magician"
20,30,6,58,45,FALSE,"Magician"
73,30,15,40,28,FALSE,"Sorcerer"
72,62,80,66,58,TRUE,"Tank"
88,59,52,52,74,TRUE,"Knight"
14,25,33,62,35,FALSE,"Magician"
59,17,24,70,54,FALSE,"Sorcerer"
82,65,92,59,84,TRUE,"Tank"
56,99,7,92,58,TRUE,"Magician"
65,14,74,96,41,TRUE,"Battlemage"
76,2,66,41,34,FALSE,"Tank"
93,3,76,74,63,TRUE,"Sorcerer"
37,67,88,54,58,TRUE,"Warrior"
26,20,71,8,26,FALSE,"Battlemage"
33,77,41,100,61,TRUE,"Magician"
43,31,61,48,52,FALSE,"Battlemage"
15,40,37,70,50,FALSE,"Magician"
87,86,13,42,55,FALSE,"Magician"
29,78,36,29,63,FALSE,"Warrior"
21,50,63,86,81,TRUE,"Magician"
83,27,70,12,51,FALSE,"Tank"
69,13,63,4,16,FALSE,"Warrior"
23,65,59,19,36,FALSE,"Magician"
100,2,77,36,55,FALSE,"Sorcerer"
84,37,19,47,41,FALSE,"Sorcerer"
8,11,1,18,6,FALSE,"Magician"
73,33,2,28,42,FALSE,"Knight"
62,29,85,55,67,TRUE,"Tank"
14,59,78,74,81,TRUE,"Magician"
6,67,91,20,49,FALSE,"Warrior"
1,93,22,72,74,FALSE,"Battlemage"
9,66,79,72,63,TRUE,"Battlemage"
80,78,14,44,72,FALSE,"Knight"
80,84,68,45,75,TRUE,"Knight"
54,48,18,47,37,FALSE,"Knight"
12,82,6,35,25,FALSE,"Magician"
5,37,27,34,28,FALSE,"Magician"
40,72,64,75,70,TRUE,"Magician"
93,54,28,70,73,TRUE,"Magician"
46,71,42,93,73,TRUE,"Magician"
27,10,14,47,23,FALSE,"Sorcerer"
75,16,46,33,52,FALSE,"Tank"
53,19,49,84,55,FALSE,"Sorcerer"
50,30,57,40,41,FALSE,"Battlemage"
92,54,59,31,65,FALSE,"Tank"
52,61,18,96,61,TRUE,"Battlemage"
100,43,87,48,77,TRUE,"Tank"
19,83,96,2,50,FALSE,"Warrior"
35,3,90,33,40,FALSE,"Tank"
52,30,93,64,67,TRUE,"Battlemage"
31,18,78,46,44,FALSE,"Battlemage"
54,36,8,56,42,FALSE,"Knight"
59,20,27,65,54,FALSE,"Sorcerer"
44,17,18,86,51,FALSE,"Sorcerer"
56,24,69,23,48,FALSE,"Battlemage"
19,13,44,28,22,FALSE,"Battlemage"
46,100,48,6,63,FALSE,"Warrior"
88,57,95,36,78,TRUE,"Tank"
66,67,93,36,80,TRUE,"Tank"
71,21,73,68,55,TRUE,"Tank"
54,4,59,29,34,FALSE,"Sorcerer"
49,82,28,92,80,TRUE,"Magician"
95,45,7,10,29,FALSE,"Knight"
60,39,8,44,37,FALSE,"Sorcerer"
81,43,54,4,62,FALSE,"Tank"
27,75,27,12,59,FALSE,"Warrior"
36,38,76,52,69,FALSE,"Battlemage"
59,41,38,87,73,TRUE,"Sorcerer"
50,28,94,5,34,FALSE,"Warrior"
74,5,50,30,43,FALSE,"Tank"
45,52,21,61,47,FALSE,"Sorcerer"
14,23,94,45,40,FALSE,"Battlemage"
71,38,57,3,35,FALSE,"Knight"
39,36,62,95,69,TRUE,"Battlemage"
40,31,56,70,50,FALSE,"Battlemage"
9,8,93,48,40,FALSE,"Battlemage"
14,89,24,77,72,TRUE,"Magician"
8,89,58,18,53,FALSE,"Magician"
81,16,10,80,51,FALSE,"Sorcerer"
23,11,1,57,28,FALSE,"Sorcerer"
80,20,20,42,33,FALSE,"Sorcerer"
90,78,72,25,54,TRUE,"Knight"
9,57,51,86,66,TRUE,"Warrior"
100,19,39,4,29,FALSE,"Sorcerer"
7,72,68,61,43,TRUE,"Warrior"
82,61,31,47,54,FALSE,"Knight"
72,25,38,32,30,FALSE,"Sorcerer"
85,33,57,71,72,TRUE,"Sorcerer"
90,40,6,52,53,FALSE,"Sorcerer"
67,17,60,98,72,TRUE,"Sorcerer"
61,53,81,48,59,TRUE,"Tank"
17,91,91,12,68,TRUE,"Warrior"
57,81,62,63,77,TRUE,"Magician"
24,47,32,9,26,FALSE,"Knight"
25,97,71,63,71,TRUE,"Battlemage"
5,95,90,4,65,FALSE,"Knight"
50,85,76,56,71,TRUE,"Warrior"
88,24,18,55,49,FALSE,"Sorcerer"
31,16,32,42,44,FALSE,"Battlemage"
55,45,32,55,70,FALSE,"Sorcerer"
26,84,85,26,79,TRUE,"Warrior"
21,56,91,7,57,FALSE,"Warrior"
98,99,40,72,69,TRUE,"Knight"
58,28,51,64,48,FALSE,"Battlemage"
24,46,75,94,66,TRUE,"Battlemage"
28,99,39,70,88,TRUE,"Magician"
30,82,69,39,56,TRUE,"Warrior"
34,88,40,68,72,TRUE,"Knight"
54,28,80,8,43,FALSE,"Tank"
52,78,14,44,43,FALSE,"Knight"
87,49,36,24,52,FALSE,"Sorcerer"
8,88,12,89,67,TRUE,"Magician"
10,95,76,30,50,TRUE,"Warrior"
55,6,55,52,56,FALSE,"Tank"
1,98,37,18,26,FALSE,"Warrior"
84,99,83,57,82,TRUE,"Knight"
37,29,76,44,61,FALSE,"Battlemage"
82,66,52,34,49,FALSE,"Knight"
21,69,35,49,55,FALSE,"Knight"
4,86,59,79,58,TRUE,"Magician"
43,73,81,43,66,TRUE,"Warrior"
66,34,29,81,35,FALSE,"Sorcerer"
21,100,10,2,30,FALSE,"Warrior"
37,49,9,54,27,FALSE,"Magician"
69,100,18,65,67,TRUE,"Knight"
81,90,93,57,83,TRUE,"Warrior"
48,70,26,16,36,FALSE,"Knight"
11,66,95,81,84,TRUE,"Battlemage"
95,100,60,73,81,TRUE,"Knight"
92,72,95,21,78,TRUE,"Tank"
44,2,60,62,62,FALSE,"Battlemage"
64,2,59,64,51,FALSE,"Sorcerer"
32,72,19,55,44,FALSE,"Magician"
21,26,13,44,18,FALSE,"Magician"
71,78,2,26,39,FALSE,"Knight"
10,51,28,1,32,FALSE,"Magician"
61,28,11,50,41,FALSE,"Sorcerer"
92,97,68,40,88,TRUE,"Warrior"
36,44,62,3,45,FALSE,"Warrior"
84,20,17,71,51,FALSE,"Sorcerer"
77,99,28,4,58,FALSE,"Knight"
19,46,7,31,49,FALSE,"Magician"
75,81,1,14,57,FALSE,"Knight"
99,44,8,21,37,FALSE,"Tank"
98,68,26,76,81,TRUE,"Sorcerer"
44,9,68,12,38,FALSE,"Warrior"
4,84,60,6,57,FALSE,"Knight"
13,47,37,17,39,FALSE,"Warrior"
59,65,45,78,60,TRUE,"Magician"
2,21,86,63,36,FALSE,"Battlemage"
1,97,73,9,59,FALSE,"Warrior"
40,99,39,28,77,FALSE,"Knight"
25,6,43,7,12,FALSE,"Battlemage"
59,86,98,43,77,TRUE,"Knight"
37,25,37,5,15,FALSE,"Tank"
100,3,69,16,53,FALSE,"Tank"
70,72,92,61,58,TRUE,"Warrior"
7,76,14,1,7,FALSE,"Magician"
4,29,14,40,31,FALSE,"Magician"
99,96,42,38,71,TRUE,"Knight"
41,66,73,7,45,FALSE,"Warrior"
61,81,7,94,68,TRUE,"Sorcerer"
34,83,95,59,84,TRUE,"Magician"
29,15,13,26,18,FALSE,"Sorcerer"
69,22,99,77,61,TRUE,"Battlemage"
27,70,4,65,41,FALSE,"Magician"
97,34,17,63,62,FALSE,"Sorcerer"
52,3,6,53,24,FALSE,"Sorcerer"
74,28,41,51,36,FALSE,"Knight"
54,20,56,50,49,FALSE,"Tank"
70,16,30,29,40,FALSE,"Tank"
34,72,54,72,81,TRUE,"Warrior"
8,30,23,66,42,FALSE,"Magician"
95,36,24,51,45,FALSE,"Sorcerer"
73,98,37,8,61,FALSE,"Knight"
85,49,60,27,63,FALSE,"Tank"
8,50,35,41,40,FALSE,"Magician"
68,81,71,62,77,TRUE,"Warrior"
86,57,7,49,54,FALSE,"Knight"
92,64,89,23,67,TRUE,"Tank"
68,89,77,15,68,TRUE,"Warrior"
85,59,18,64,50,FALSE,"Knight"
72,6,96,96,62,TRUE,"Battlemage"
84,52,49,86,65,TRUE,"Sorcerer"
96,62,38,53,71,TRUE,"Tank"
1,84,1,8,32,FALSE,"Magician"
6,18,75,37,50,FALSE,"Battlemage"
92,46,5,81,58,FALSE,"Sorcerer"
31,97,96,71,75,TRUE,"Warrior"
74,63,61,21,68,FALSE,"Knight"
84,23,11,39,38,FALSE,"Sorcerer"
8,98,30,5,55,FALSE,"Warrior"
22,10,98,17,45,FALSE,"Warrior"
93,6,14,99,78,FALSE,"Tank"
9,77,20,57,49,FALSE,"Warrior"
44,62,42,15,52,FALSE,"Tank"
47,43,77,16,57,FALSE,"Tank"
1,17,45,89,43,FALSE,"Battlemage"
52,60,52,15,45,FALSE,"Warrior"
39,18,17,11,6,FALSE,"Knight"
90,69,38,5,33,FALSE,"Knight"
75,61,15,85,67,TRUE,"Knight"
99,26,37,53,61,FALSE,"Tank"
88,15,5,76,54,FALSE,"Knight"
97,62,48,54,71,TRUE,"Knight"
84,54,1,94,73,TRUE,"Sorcerer"
27,82,50,68,62,TRUE,"Magician"
79,30,38,45,46,FALSE,"Sorcerer"
33,71,76,91,88,TRUE,"Battlemage"
71,29,45,92,70,TRUE,"Sorcerer"
98,75,70,3,58,FALSE,"Knight"
45,6,17,61,48,FALSE,"Magician"
60,85,17,67,52,TRUE,"Magician"
58,56,11,24,33,FALSE,"Knight"
51,51,6,29,33,FALSE,"Knight"
46,87,24,54,69,FALSE,"Magician"
5,54,48,19,37,FALSE,"Warrior"
58,11,68,60,40,FALSE,"Tank"
94,44,39,66,68,TRUE,"Sorcerer"
92,60,19,69,74,TRUE,"Knight"
18,31,95,37,58,FALSE,"Battlemage"
36,60,81,82,82,TRUE,"Battlemage"
67,15,32,25,14,FALSE,"Tank"
21,49,43,90,53,TRUE,"Magician"
46,57,48,77,70,TRUE,"Magician"
58,66,22,35,48,FALSE,"Knight"
80,8,98,86,77,TRUE,"Tank"
37,70,56,57,51,TRUE,"Magician"
63,16,75,64,57,TRUE,"Sorcerer"
5,53,32,74,38,FALSE,"Battlemage"
78,33,84,37,39,TRUE,"Tank"
31,88,67,42,69,TRUE,"Warrior"
88,79,20,7,56,FALSE,"Knight"
99,35,32,18,45,FALSE,"Knight"
36,30,20,32,31,FALSE,"Sorcerer"
74,52,40,7,26,FALSE,"Knight"
91,90,40,51,82,TRUE,"Magician"
56,54,62,17,49,FALSE,"Tank"
27,5,98,31,63,FALSE,"Battlemage"
23,65,45,29,56,FALSE,"Warrior"
77,27,55,76,43,TRUE,"Battlemage"
80,85,95,33,85,TRUE,"Warrior"
99,6,63,90,53,TRUE,"Sorcerer"
91,89,77,39,70,TRUE,"Knight"
52,18,17,30,27,FALSE,"Sorcerer"
47,69,81,3,52,FALSE,"Warrior"
81,57,7,84,67,TRUE,"Magician"
62,33,69,77,56,TRUE,"Battlemage"
61,82,46,19,44,FALSE,"Knight"
48,73,85,65,83,TRUE,"Battlemage"
1,74,31,42,46,FALSE,"Magician"
11,32,77,23,42,FALSE,"Warrior"
76,95,54,18,42,TRUE,"Knight"
14,74,34,43,48,FALSE,"Magician"
72,49,91,5,45,FALSE,"Tank"
95,100,19,5,45,FALSE,"Knight"
7,33,7,19,29,FALSE,"Magician"
46,15,3,70,26,FALSE,"Magician"
31,62,27,15,26,FALSE,"Knight"
16,88,26,11,38,FALSE,"Warrior"
42,33,14,51,43,FALSE,"Sorcerer"
39,57,64,94,66,TRUE,"Battlemage"
54,29,92,84,85,TRUE,"Tank"
44,44,63,35,65,FALSE,"Tank"
83,98,58,4,53,FALSE,"Knight"
8,51,38,9,28,FALSE,"Warrior"
93,47,46,91,67,TRUE,"Knight"
66,73,22,83,52,TRUE,"Magician"
42,38,70,69,65,TRUE,"Battlemage"
67,3,50,8,35,FALSE,"Tank"
93,18,26,94,81,TRUE,"Sorcerer"
79,16,13,36,25,FALSE,"Sorcerer"
92,68,53,80,93,TRUE,"Sorcerer"
32,86,71,47,82,TRUE,"Warrior"
94,94,48,46,77,TRUE,"Knight"
51,23,74,68,65,TRUE,"Battlemage"
47,83,11,59,66,FALSE,"Magician"
94,8,73,4,59,FALSE,"Sorcerer"
34,56,91,71,77,TRUE,"Battlemage"
13,50,17,67,45,FALSE,"Sorcerer"
97,27,96,25,51,TRUE,"Tank"
81,5,95,56,63,TRUE,"Tank"
67,90,39,60,81,TRUE,"Magician"
73,27,49,36,49,FALSE,"Tank"
11,61,61,4,31,FALSE,"Warrior"
91,84,7,72,70,TRUE,"Sorcerer"
28,79,71,28,57,FALSE,"Warrior"
57,19,2,67,42,FALSE,"Knight"
66,97,64,72,68,TRUE,"Magician"
65,92,66,11,67,FALSE,"Warrior"
70,37,22,64,58,FALSE,"Sorcerer"
89,21,47,6,41,FALSE,"Tank"
35,4,1,41,21,FALSE,"Sorcerer"
80,19,87,87,55,TRUE,"Battlemage"
4,78,37,53,53,FALSE,"Magician"
61,52,27,44,60,FALSE,"Knight"
38,50,21,66,42,FALSE,"Magician"
44,32,85,7,23,FALSE,"Tank"
84,98,35,29,49,TRUE,"Magician"
89,19,62,6,43,FALSE,"Tank"
71,13,31,75,54,FALSE,"Sorcerer"
21,92,28,8,52,FALSE,"Warrior"
7,99,74,30,62,TRUE,"Warrior"
29,72,73,83,61,TRUE,"Battlemage"
7,95,53,48,54,TRUE,"Warrior"
67,46,85,61,78,TRUE,"Tank"
93,81,24,64,72,TRUE,"Knight"
93,66,63,67,83,TRUE,"Knight"
70,89,49,42,72,TRUE,"Magician"
74,17,60,30,42,FALSE,"Tank"
55,46,44,97,68,TRUE,"Sorcerer"
78,92,43,50,90,TRUE,"Knight"
22,38,14,61,45,FALSE,"Magician"
32,51,10,53,41,FALSE,"Magician"
82,25,28,26,43,FALSE,"Tank"
36,49,91,37,61,TRUE,"Warrior"
9,77,35,20,21,FALSE,"Knight"
26,5,71,97,65,TRUE,"Magician"
22,52,42,92,82,TRUE,"Magician"
46,47,38,27,34,FALSE,"Knight"
87,41,7,57,64,FALSE,"Sorcerer"
17,15,59,57,41,FALSE,"Battlemage"
26,11,86,29,44,FALSE,"Battlemage"
38,28,4,46,43,FALSE,"Sorcerer"
2,79,76,88,69,TRUE,"Warrior"
6,14,12,83,50,FALSE,"Magician"
71,5,30,6,11,FALSE,"Tank"
13,87,79,66,65,TRUE,"Warrior"
91,16,84,86,67,TRUE,"Sorcerer"
75,30,27,35,48,FALSE,"Knight"
55,79,81,2,53,FALSE,"Warrior"
79,43,36,94,54,TRUE,"Sorcerer"
63,26,53,99,65,TRUE,"Sorcerer"
73,76,18,15,38,FALSE,"Warrior"
72,96,81,31,82,TRUE,"Warrior"
46,92,11,10,40,FALSE,"Warrior"
6,23,61,55,44,FALSE,"Battlemage"
48,44,74,28,47,FALSE,"Warrior"
60,85,100,8,71,TRUE,"Warrior"
43,56,26,77,57,FALSE,"Magician"
68,3,27,94,55,FALSE,"Sorcerer"
11,26,52,37,11,FALSE,"Battlemage"
58,1,80,39,46,FALSE,"Tank"
92,96,28,93,90,TRUE,"Magician"
90,57,5,86,62,TRUE,"Sorcerer"
4,71,86,88,84,TRUE,"Battlemage"
79,83,54,38,75,TRUE,"Knight"
83,87,24,21,68,FALSE,"Knight"
70,63,23,14,44,FALSE,"Knight"
59,47,93,41,45,TRUE,"Tank"
5,90,44,51,36,FALSE,"Warrior"
18,78,7,55,33,FALSE,"Magician"
70,13,14,66,42,FALSE,"Sorcerer"
64,63,78,73,76,TRUE,"Battlemage"
95,38,18,59,56,FALSE,"Knight"
25,84,41,74,61,TRUE,"Magician"
4,32,95,50,46,FALSE,"Tank"
70,29,69,18,51,FALSE,"Tank"
41,60,19,50,55,FALSE,"Magician"
37,84,3,90,62,TRUE,"Magician"
59,41,28,88,61,TRUE,"Sorcerer"
50,90,9,58,64,FALSE,"Knight"
56,30,80,75,72,TRUE,"Battlemage"
25,29,52,91,47,TRUE,"Battlemage"
34,53,88,14,44,FALSE,"Warrior"
19,43,48,32,28,FALSE,"Warrior"
98,11,64,22,40,FALSE,"Tank"
79,85,31,98,91,TRUE,"Sorcerer"
8,18,14,2,17,FALSE,"Warrior"
54,1,93,97,57,TRUE,"Battlemage"
47,40,47,44,54,FALSE,"Tank"
34,39,15,56,42,FALSE,"Magician"
82,99,47,71,78,TRUE,"Knight"
30,66,46,35,36,FALSE,"Warrior"
13,49,98,95,75,TRUE,"Battlemage"
47,87,5,47,60,FALSE,"Magician"
33,46,11,91,33,FALSE,"Sorcerer"
35,50,64,18,41,FALSE,"Warrior"
88,23,19,13,54,FALSE,"Knight"
26,93,73,53,79,TRUE,"Warrior"
47,66,59,48,64,TRUE,"Magician"
53,86,74,40,63,TRUE,"Warrior"
65,67,14,49,46,FALSE,"Magician"
77,33,13,56,45,FALSE,"Knight"
74,51,30,26,62,FALSE,"Knight"
19,71,79,65,74,TRUE,"Warrior"
5,36,78,61,46,FALSE,"Battlemage"
8,24,10,31,34,FALSE,"Magician"
4,83,47,93,69,TRUE,"Magician"
49,90,61,88,100,TRUE,"Warrior"
77,80,77,80,81,TRUE,"Magician"
38,28,30,39,27,FALSE,"Tank"
49,86,76,87,88,TRUE,"Warrior"
83,2,25,49,48,FALSE,"Sorcerer"
52,10,60,8,41,FALSE,"Tank"
50,82,73,38,69,TRUE,"Warrior"
72,12,16,67,33,FALSE,"Knight"
91,65,55,78,73,TRUE,"Sorcerer"
50,68,33,21,26,FALSE,"Knight"
30,62,81,47,54,TRUE,"Warrior"
4,55,12,94,52,FALSE,"Magician"
75,37,16,33,44,FALSE,"Knight"
85,85,26,53,63,TRUE,"Knight"
66,20,22,56,42,FALSE,"Knight"
21,70,23,20,35,FALSE,"Knight"
81,85,82,57,90,TRUE,"Warrior"
43,63,93,23,51,TRUE,"Warrior"
29,69,92,87,90,TRUE,"Battlemage"
27,42,73,61,78,TRUE,"Battlemage"
88,81,92,35,82,TRUE,"Warrior"
53,17,93,62,55,TRUE,"Battlemage"
49,58,100,55,67,TRUE,"Warrior"
67,6,31,39,47,FALSE,"Sorcerer"
10,97,42,86,62,TRUE,"Warrior"
3,23,10,93,33,FALSE,"Magician"
90,4,53,49,36,FALSE,"Tank"
91,9,44,35,29,FALSE,"Tank"
69,63,82,62,65,TRUE,"Tank"
11,93,51,66,76,TRUE,"Magician"
13,42,17,55,50,FALSE,"Magician"
98,75,65,18,57,TRUE,"Warrior"
38,93,27,53,64,FALSE,"Magician"
40,96,8,35,59,FALSE,"Knight"
33,12,55,44,40,FALSE,"Sorcerer"
34,35,83,14,34,FALSE,"Warrior"
27,92,59,18,41,FALSE,"Warrior"
100,50,76,32,74,TRUE,"Knight"
90,72,58,22,66,FALSE,"Knight"
51,40,59,99,77,TRUE,"Battlemage"
89,59,77,2,44,FALSE,"Tank"
83,6,14,70,46,FALSE,"Sorcerer"
21,74,73,48,70,TRUE,"Warrior"
95,89,19,39,66,FALSE,"Magician"
29,13,18,64,28,FALSE,"Sorcerer"
73,98,43,32,76,TRUE,"Knight"
19,60,45,93,51,TRUE,"Magician"
26,79,99,69,89,TRUE,"Magician"
25,16,76,38,54,FALSE,"Battlemage"
40,5,88,8,50,FALSE,"Tank"
29,23,71,68,51,FALSE,"Battlemage"
25,53,79,55,51,TRUE,"Battlemage"
19,67,47,22,52,FALSE,"Warrior"
68,72,55,22,50,FALSE,"Knight"
45,73,51,58,65,TRUE,"Magician"
84,6,44,91,56,TRUE,"Sorcerer"
46,40,66,67,52,TRUE,"Battlemage"
55,80,79,93,92,TRUE,"Magician"
1,80,7,48,30,FALSE,"Warrior"
11,42,48,33,45,FALSE,"Warrior"
68,90,45,34,54,TRUE,"Knight"
7,23,10,100,28,FALSE,"Magician"
92,90,4,59,65,TRUE,"Knight"
100,90,10,33,64,FALSE,"Knight"
58,20,35,18,37,FALSE,"Tank"
71,63,95,10,69,TRUE,"Tank"
20,30,2,100,25,FALSE,"Magician"
35,10,39,45,25,FALSE,"Battlemage"
51,12,79,87,65,TRUE,"Battlemage"
21,100,81,6,74,FALSE,"Warrior"
44,27,95,87,80,TRUE,"Sorcerer"
1,83,51,10,63,FALSE,"Warrior"
67,73,14,66,56,FALSE,"Knight"
98,2,87,62,65,TRUE,"Tank"
13,100,47,6,38,FALSE,"Warrior"
16,47,100,69,64,TRUE,"Battlemage"
34,56,88,8,42,FALSE,"Warrior"
24,11,38,55,30,FALSE,"Sorcerer"
13,75,94,20,54,FALSE,"Warrior"
6,25,91,52,51,FALSE,"Battlemage"
39,96,83,39,73,TRUE,"Magician"
2,44,87,14,48,FALSE,"Warrior"
11,92,7,12,38,FALSE,"Magician"
7,14,75,88,53,TRUE,"Battlemage"
7,79,44,55,52,FALSE,"Magician"
39,56,2,54,40,FALSE,"Magician"
76,6,74,76,56,TRUE,"Sorcerer"
86,24,91,41,66,TRUE,"Tank"
51,43,49,96,77,TRUE,"Sorcerer"
52,50,80,4,60,FALSE,"Warrior"
3,76,18,62,43,FALSE,"Magician"
77,57,20,3,42,FALSE,"Knight"
30,44,20,72,35,FALSE,"Magician"
10,25,66,3,32,FALSE,"Battlemage"
73,82,28,26,66,FALSE,"Knight"
6,22,36,47,32,FALSE,"Battlemage"
54,95,10,6,55,FALSE,"Knight"
66,19,14,17,15,FALSE,"Knight"
44,64,54,9,36,FALSE,"Warrior"
80,90,71,82,88,TRUE,"Sorcerer"
63,30,89,93,87,TRUE,"Battlemage"
77,38,11,79,51,FALSE,"Sorcerer"
48,50,44,57,51,FALSE,"Magician"
77,41,6,7,20,FALSE,"Sorcerer"
22,96,41,78,74,TRUE,"Magician"
19,12,16,57,43,FALSE,"Sorcerer"
90,57,15,93,77,TRUE,"Sorcerer"
14,64,86,4,54,FALSE,"Warrior"
95,15,1,60,40,FALSE,"Sorcerer"
93,33,36,5,32,FALSE,"Tank"
86,66,98,1,69,TRUE,"Tank"
7,66,15,76,52,FALSE,"Sorcerer"
49,37,7,39,33,FALSE,"Sorcerer"
41,26,89,7,50,FALSE,"Tank"
27,77,4,21,35,FALSE,"Knight"
31,73,69,71,63,TRUE,"Magician"
6,51,96,17,58,FALSE,"Tank"
16,13,28,65,37,FALSE,"Battlemage"
64,25,68,68,50,TRUE,"Battlemage"
38,20,35,70,35,FALSE,"Sorcerer"
60,68,42,62,65,TRUE,"Sorcerer"
96,11,14,40,60,FALSE,"Sorcerer"
97,8,18,60,40,FALSE,"Sorcerer"
81,53,41,81,66,TRUE,"Sorcerer"
33,93,75,90,100,TRUE,"Magician"
63,15,39,95,58,TRUE,"Sorcerer"
11,73,43,28,32,FALSE,"Warrior"
13,47,68,76,46,TRUE,"Battlemage"
94,100,28,65,90,TRUE,"Magician"
65,36,61,34,57,FALSE,"Tank"
30,82,16,26,53,FALSE,"Knight"
91,24,35,53,50,FALSE,"Sorcerer"
23,62,51,15,35,FALSE,"Warrior"
20,54,45,49,47,FALSE,"Magician"
6,13,85,35,41,FALSE,"Battlemage"
37,46,53,41,41,FALSE,"Warrior"
84,8,26,51,47,FALSE,"Sorcerer"
6,48,76,63,46,TRUE,"Battlemage"
93,40,45,44,52,FALSE,"Tank"
77,95,82,39,77,TRUE,"Tank"
27,20,6,20,12,FALSE,"Sorcerer"
84,51,84,43,46,TRUE,"Tank"
13,66,72,99,81,TRUE,"Battlemage"
8,44,69,22,34,FALSE,"Warrior"
53,83,96,21,82,TRUE,"Warrior"
81,79,94,91,92,TRUE,"Tank"
30,90,92,36,65,TRUE,"Battlemage"
1,57,33,28,38,FALSE,"Warrior"
88,73,42,4,61,FALSE,"Knight"
80,51,83,90,78,TRUE,"Battlemage"
75,35,30,8,44,FALSE,"Knight"
4,91,14,5,49,FALSE,"Warrior"
62,12,10,5,28,FALSE,"Knight"
68,12,55,54,65,FALSE,"Tank"
17,37,9,10,33,FALSE,"Magician"
74,50,26,69,74,FALSE,"Sorcerer"
85,77,34,34,76,FALSE,"Knight"
57,82,18,50,60,FALSE,"Knight"
63,96,48,75,76,TRUE,"Magician"
57,75,17,24,24,FALSE,"Knight"
49,49,50,58,44,FALSE,"Battlemage"
18,75,63,97,73,TRUE,"Magician"
58,12,72,78,56,TRUE,"Battlemage"
10,94,95,22,63,TRUE,"Warrior"
63,35,81,93,66,TRUE,"Battlemage"
80,75,87,24,53,TRUE,"Tank"
79,77,38,6,49,FALSE,"Knight"
34,40,10,62,41,FALSE,"Magician"
5,11,47,3,10,FALSE,"Warrior"
17,3,13,1,1,FALSE,"Tank"
72,76,89,10,54,TRUE,"Warrior"
63,47,23,72,53,FALSE,"Sorcerer"
24,52,57,30,38,FALSE,"Battlemage"
92,42,79,22,70,FALSE,"Tank"
8,92,46,81,73,TRUE,"Magician"
23,4,34,79,32,FALSE,"Sorcerer"
99,17,63,84,65,TRUE,"Sorcerer"
31,64,5,38,28,FALSE,"Magician"
81,65,70,91,95,TRUE,"Sorcerer"
28,14,77,77,70,TRUE,"Battlemage"
48,39,42,80,72,TRUE,"Sorcerer"
12,5,13,84,25,FALSE,"Battlemage"
88,4,1,19,22,FALSE,"Tank"
79,20,70,67,58,TRUE,"Tank"
31,82,23,17,49,FALSE,"Knight"
91,17,98,76,63,TRUE,"Tank"
35,72,50,100,70,TRUE,"Magician"
55,25,66,10,34,FALSE,"Tank"
82,12,11,74,48,FALSE,"Sorcerer"
36,23,71,31,50,FALSE,"Tank"
72,61,17,23,41,FALSE,"Knight"
60,92,72,21,73,TRUE,"Knight"
38,3,28,84,52,FALSE,"Sorcerer"
69,9,39,69,47,FALSE,"Sorcerer"
54,73,85,80,71,TRUE,"Battlemage"
14,90,42,34,42,FALSE,"Warrior"
20,39,83,65,66,TRUE,"Battlemage"
9,53,71,16,38,FALSE,"Warrior"
97,98,39,78,68,TRUE,"Knight"
82,89,35,10,61,FALSE,"Knight"
70,64,75,50,71,TRUE,"Tank"
2,22,41,11,8,FALSE,"Warrior"
30,5,41,35,41,FALSE,"Battlemage"
6,32,28,40,41,FALSE,"Battlemage"
81,76,95,49,82,TRUE,"Warrior"
41,38,37,45,32,FALSE,"Sorcerer"
23,8,99,2,19,FALSE,"Tank"
31,23,60,73,51,FALSE,"Battlemage"
20,43,90,1,24,FALSE,"Warrior"
5,60,28,12,35,FALSE,"Warrior"
21,96,57,27,45,FALSE,"Warrior"
75,55,59,95,81,TRUE,"Sorcerer"
68,74,32,43,56,FALSE,"Knight"
87,52,49,20,58,FALSE,"Sorcerer"
61,83,4,86,58,TRUE,"Magician"
94,24,65,2,44,FALSE,"Knight"
42,84,38,61,51,TRUE,"Magician"
41,26,40,83,63,FALSE,"Magician"
61,58,13,93,63,TRUE,"Sorcerer"
82,70,85,63,86,TRUE,"Knight"
52,90,76,12,49,TRUE,"Warrior"
41,46,77,50,64,TRUE,"Battlemage"
60,89,92,64,88,TRUE,"Warrior"
95,52,48,10,52,FALSE,"Knight"
30,60,58,25,51,FALSE,"Warrior"
98,45,22,69,59,FALSE,"Knight"
95,27,13,27,50,FALSE,"Sorcerer"
38,44,18,53,42,FALSE,"Magician"
89,33,40,55,48,FALSE,"Sorcerer"
17,31,32,86,50,FALSE,"Battlemage"
100,15,30,79,48,FALSE,"Knight"
40,72,56,30,50,FALSE,"Warrior"
30,97,66,2,52,FALSE,"Warrior"
66,62,38,79,65,TRUE,"Sorcerer"
24,2,1,1,7,FALSE,"Knight"
73,48,24,16,59,FALSE,"Knight"
1,44,14,34,35,FALSE,"Magician"
88,91,9,33,68,FALSE,"Knight"
38,16,85,70,53,TRUE,"Tank"
64,69,54,31,52,FALSE,"Warrior"
27,75,83,48,64,TRUE,"Battlemage"
90,86,81,59,93,TRUE,"Tank"
90,40,14,74,36,FALSE,"Sorcerer"
7,95,9,8,26,FALSE,"Warrior"
89,87,7,31,56,FALSE,"Knight"
80,1,28,86,49,FALSE,"Sorcerer"
42,82,38,31,74,FALSE,"Knight"
18,59,36,42,50,FALSE,"Warrior"
81,13,41,9,25,FALSE,"Tank"
44,92,27,66,51,TRUE,"Magician"
70,44,95,86,78,TRUE,"Battlemage"
20,55,77,9,31,FALSE,"Warrior"
23,48,58,50,57,FALSE,"Battlemage"
12,23,46,65,46,FALSE,"Battlemage"
12,32,81,92,69,TRUE,"Battlemage"
34,35,59,51,71,FALSE,"Battlemage"
8,99,24,49,47,FALSE,"Knight"
27,43,73,90,67,TRUE,"Battlemage"
49,69,81,30,50,TRUE,"Knight"
72,63,19,72,61,TRUE,"Magician"
55,37,75,27,66,FALSE,"Battlemage"
97,84,16,96,86,TRUE,"Magician"
